,,,"Appendix 1. Details of reported baleen whale injury events along the Gulf of Mexico, US East Coast and Atlantic Canadian provinces, 2019-2023. Assignment of Serious Injury (SI) criteria, SI values and List of Fisheries (LOF) inclusion follow the guidance established by NMFS Instruction 02-038-01.",,,,,,,,,,,,,
,,,,,,,,,,,,,,,,
,,,Date,Individual,Location,Cause of Injury,Country of Origin,Country ID method,Gear Type,Description,"Initial 
SI criteria",Final SI critieria,SI value,SI value changes ,LOFa,
,,Ref#,Western North Atlantic right whale (Eubalaena glacialis),,,,,,,# events/sums:,,50,13.02,25,9,
1,RIWH,"E04-19, MARS2019-188",25-Apr-19,4423/Nebula,"25.4 nm E of Orleans, MA",Entangled,Unknown First seen USA,-,Unknown,"Free-swimming with closed bridle through mouth, lines trailing 1 body length, and evidence of health decline. Partially disentangled. Confirmed gear-free in October 2019. Resights show improved health.",L3,L3,0,Rescue,Yes,
2,RIWH,-,07-Jun-19,3510/Twister,"67.8 nm ESE of Perce, QC",Entangled,Unknown First seen Canada,-,Unknown,"No gear present. Evidence of new, extensive raw and healing injuries on peduncle and leading fluke edges. Resights indicate healing.",L10,L10,0,Healing,-,
3,RIWH,"E09-19, MARS2019-171",29-Jun-19,4440/Avalanche,"24.2 nm E of Miscou Island, NB",Entangled,Unknown First seen Canada,-,Unknown,"Free-swimming with line through mouth trailing back to constricting fluke insertion wraps. Partially disentangled, line between mouth and fluke cut, shed remaining gear. Resights indicate healing.",L2,L2,0,Rescue,Yes,
4,RIWH,-,03-Jul-19,1271/Dropcloth,Gulf of St. Lawrence,Entangled,Unknown First seen Canada,-,Unknown,No gear present. Evidence of recent multiple constricting rostrum wraps along with injuries to lips and at fluke insertion. Resights indicate healing. Event added in 2018-2022 report.,L2,L2,0,Healing,-,
5,RIWH,"E10-19, MARS2019-184",04-Jul-19,3125,"35.2 nm E of Perce, QC",Entangled,Canada,Gear identified,Pot/trap,"Free-swimming with extensive entanglement involving embedded head wraps, flipper wraps, and trailing gear. Baleen damaged and protruding from mouth. Partially disentangled: 200-300 ft. of line removed. Embedded rostrum and blowhole wraps remain, but now able to open mouth. Significant health decline. No resights.",L2,L2,1,-,-,
6,RIWH,-,29-Sep-19,3301/Neptune,Bay of Fundy,Entangled,Unknown First seen Canada,-,Unknown,No gear present but evidence of constricting entanglement across rostrum and on peduncle and fluke insertion. Resights indicate healing. Previously reported as 22-Jan-2020 in Cape Cod Bay.,L2,L2,0,Healing,-,
7,RIWH,E35-19,21-Dec-19,3466,"20.3 nm S of Nantucket, MA",Entangled,Unknown First seen USA,-,Unknown,"Free-swimming with 2-3 lines exiting both sides of the mouth, joining in a jumble of line approximately 1 body length aft of whale and trailing. Loose wraps only. Resights confirm shed gear and injuries healing.",L3,L3,0,-,-,
8,RIWH,-,08-Jan-20,5010,"7 nm E of Altamaha Sound, GA",Vessel strike,USA,Fresh injury or known location,-,"Dependent calf with deep lacerations to head and lips, exposing bone. No resights post-15-Jan-2020.",L5a,L5a,1,-,-,
9,RIWH,-,31-Jan-20,4091/Quill,"23.3 nm SSE of Nantucket, MA",Entangled,Unknown First seen USA,-,Unknown,No gear present but evidence of constricting entanglement across rostrum and on peduncle and fluke insertion. Resights indicate healing.,L2,L2,0,Healing,-,
10,RIWH,-,09-Feb-20,1701/Aphrodite,"Race Point Beach, Provincetown, MA",Entangled,Unknown First seen USA,-,Unknown,"No gear present but new, extensive entanglement injuries to peduncle and leading edge of fluke. Resights show injuries healing and reproductively successful.",L10,L10,0,Healing,-,
11,RIWH,E04-20,24-Feb-20,3180/Dragon,"38.2 nm SE of Nantucket, MA",Entangled,Unknown First seen USA,-,Unknown,"Free-swimming with bullet buoy lodged in right mouthline, far forward. Line seen exiting left gape. No trailing gear visible. Full configuration unknown, but in poor condition—emaciated with heavy cyamid load. No resights.",L10,L10,1,Health decline,Yes,
12,RIWH,-,29-Feb-20,1017/Batman,Cape Cod Bay,Vessel strike,Unknown First seen USA,-,-,"At least 25 new, minor, healing lacerations along right flank. Resights indicate healing.",L5b,L5b,0,-,-,
13,RIWH,E05-20,16-Mar-20,-,Georges Bank,Entangled,Unknown First seen USA,-,Unknown,Free-swimming with 2 polyballs trailing 30 ft. aft of flukes. Attachment point(s) unknown. No photos. No resights.,L10,L10,0.75,-,-,
14,RIWH,-,05-Apr-20,4539/Zeus,Cape Cod Bay,Vessel strike,Unknown First seen USA,-,-,"New, healing abrasion to right blowhole with new, minor, healed lacerations running aft along back. Resights indicate healing.",L5b,L5b,0,-,-,
15,RIWH,-,22-Jun-20,3579,Gulf of St. Lawrence,Entangled,Unknown First seen Canada,-,Unknown,"No gear present. New, raw, and healing injuries along leading edges of both flukes and on peduncle consistent with entanglement. Resights indicate healing. Event added in 2018-2022 report.",L10,L10,0,Healing,-,
16,RIWH,MMSC-20-104,24-Jun-20,5060,"0.5 nm off Elberon, NJ",Vessel strike,USA,Fresh injury or known location,-,"Dependent calf with two separate vessel strike injuries—a deep laceration to head with evidence of healing indicating it a separate event from the deep, fatal laceration to peduncle. (See 24-Jun-2020 event in Appendix 2 for details.) Event added in 2017-2021 report.",L5a,L5a,1b,-,-,
17,RIWH,MARS2020-266,16-Jul-20,5001/Agave,"26.25 nm E of Shippagan, NB",Entangled,Unknown First seen Canada,-,Unknown,"No gear present. Dependent calf with new, healing injuries consistent with constricting body wrap. Resights indicate healing.",L2,L2,0,Healing,-,
18,RIWH,-,23-Jul-20,4615/Hercules,Gulf of St. Lawrence,Entangled,Unknown First seen Canada,-,Unknown,"No gear present. New, extensive injuries to peduncle and leading edges of flukes consistent with entanglement. Resights indicate healing until subsequent entanglement (see 13-Jul-2021 event).",L10,L10,0,Healing,-,
19,RIWH,"E21-20, MMSC-20-150",11-Oct-20,4680,"2.7 nm E of Sea Bright, NJ",Entangled,Unknown First seen USA,-,Unknown,"Free-swimming with 2 lines embedded in rostrum, remaining configuration unknown. Extremely poor condition—emaciated, gray skin, large open lesion on left side of head. No resights.",L2,L2,1,-,Yes,
20,RIWH,E02-21,11-Jan-21,1803,"9.1 nm E of Fernandina Beach, FL",Entangled,Unknown First seen USA,-,Unknown,Free-swimming with constricting wraps at peduncle and fluke insertion and around left fluke blade. No resights post 12-Jan-2021.,L2,L2,1,-,Yes,
21,RIWH,-,12-Feb-21,3230/Infinity,"27 nm E of Cumberland Island, GA",Vessel strike,USA,Fresh injury or known location,-,Fifty-four ft. vessel traveling at 28 kn. self-reported strike. Lactating female with lacerations of unknown depth resighted on 16-Feb-2021. Dependent calf died from injuries received (see 12-Feb-2021 event in Appendix 2). No additional resights.,"L6b, L11","L6b, L11",0.52,-,-,
22,RIWH,-,07-Mar-21,1209/El,"Massachusetts Bay, MA",Vessel strike,Unknown First seen USA,-,-,"Two minor propeller lacerations to right fluke tip. Subsequent sightings show eventual loss of tip, but evidence of healing. Event added in 2018-2022 report.",L5b,L5b,0,-,-,
23,RIWH,"E04-21, MARS2021-136",10-Mar-21,3560/Snow Cone,"8.3 nm N of Sandwich, MA",Entangled,Canada,-,Unknown,"Free-swimming with constricting rostrum wrap and trailing gear 300 ft. Partial disentanglements on 3 separate occasions removed sections of trailing gear. Successful calving event in December 2021. Stable health until 23-Jul-2022 when appeared thinner, increased lesions and cyamids, and discolored rostrum. Sighted 22-Sep-2022 in significant health decline and carrying new entanglement. No additional resights. Dependent calf (see 02-Dec-2021 event) last sighted on 26-Apr-2022. Originally reported as Unknown, First seen USA and LOF Yes. Updated in 2018-2022 report.",L2,L2,1c,-,-,
24,RIWH,-,30-Mar-21,2223/Calvin,"11.3 nm N of Race Point, Provincetown, MA",Entangled,Unknown First seen USA,-,Unknown,"No gear present but new, extensive, raw and healing injuries along peduncle and at fluke insertion. Resights indicate healing.",L10,L10,0,Healing,-,
25,RIWH,"E13-21, MARS2021-215",13-Jul-21,4615/Hercules,"32.6 nm NE of Sainte Marie - Saint Raphael, QC",Entangled,Canada,Fresh injury or known location,Unknown,"Recent (within 5 hours) entanglement. Line through mouth and over rostrum leading down towards right flipper and back towards flukes. Constricting line over peduncle and down to weighted gear. Resighted on 14-Jul-2021 with rostrum wrap leading down to weighted gear, no gear on fluke or peduncle area. No additional resights.",L2,L2,1,-,-,
26,RIWH,-,02-Dec-21,2022 Calf of 3560,"Cumberland Island, GA",Entangled,Canada,-,Unknown,"Dependent calf of entangled lactating female (see 10-Mar-2021 event). No resights post 26-Apr-2022. Originally reported as Unknown, First seen USA and LOF Yes. Updated in 2018-2022 report.",L8,L8,1,-,-,
27,RIWH,-,06-May-22,4042/Martini,"Cape Cod Bay, MA",Entangled,Unknown First seen USA,-,Unknown,"No gear present. New, healing rostrum injury consistent with constricting gear. Resights indicate healing.",L2,L2,0,Healing,-,
28,RIWH,"E02-22, MARS2022-110",16-May-22,3823/Sundog,"32 nm NE of Perce, QC",Entangled,Unknown First seen Canada,-,Unknown,"Free-swimming with line through mouth, possibly forming a bridle under the chin, and trailing aft. 1 portion trails hundreds of feet, terminating at a bullet buoy and polyball, the other portion descends to depth. Full configuration unknown. No resights.",L10,L10,0.75,-,Yes,
29,RIWH,-,24-May-22,5012,"72.5 nm E of Truro, MA",Vessel strike,Unknown First seen USA,-,-,At least 8 healing and healed lacerations of unknown depth across back. Resights indicate injuries healing.,L11,L11,0,Healing,-,
30,RIWH,"E09-22, MARS2022-172",25-Jun-22,1403/Meridian,"38.3 nm E of Shippagan, NB",Entangled,Unknown First seen Canada,-,Unknown,Free-swimming with tight body wrap. Attachment point(s) unknown. No additional resights post-07-Jul-2022. Previously reported as 30-Jun-2022.,L2,L2,1,-,Yes,
31,RIWH,-,08-Jul-22,4650/Sebastian,Gulf of St. Lawrence,Entangled,Unknown First seen Canada,-,Unknown,"No gear present, but raw and healing injuries on head, lips, peduncle, and flukes consistent with constricting entanglement. Resights indicate healing.",L2,L2,0,Healing,-,
32,RIWH,"E17-22, MARS2022-263",24-Aug-22,4501,"48.2 nm E of Shippagan, NB",Entangled,Canada,Fresh injury or known location,Unknown,"Cryptic entanglement, line shifting during observation period. Attachment point(s) unknown. Resights confirm gear free and healing. Previously reported as Unknown; First seen Canada.",L10,L10,0,Gear-free,-,
33,RIWH,"E22-22, MARS2022-197",21-Sep-22,3560/Snow Cone,"16.3 nm S of Nantucket, MA",Entangled,Unknown First seen USA,-,Unknown,"Free-swimming with line through mouth and trailing to weighted gear. Possible flipper involvement. Heavy cyamid load on mandibles, lips, and head. Still carrying constricting rostrum wrap from previous entanglement (see 10-Mar-2021 event). No resights.",L2,L2,1c,-,Yes,
34,RIWH,-,22-Dec-22,4310/Prickly Pear,"1 nm E of Ponte Vedra Beach, FL",Entangled,Unknown First seen USA,-,Unknown,"No gear present. New, raw & healing entanglement injuries to peduncle and leading edges of flukes. Resights indicate healing.",L10,L10,0,Healing,-,
35,RIWH,E01-23,08-Jan-23,4904,"16.3 nm E of Rodanthe, NC",Entangled,Unknown; First seen USA,-,Unknown,"Free-swimming with at least one constricting rostrum wrap. Line exits both sides of mouth, entending back to constricting peduncle wraps and trailing aft of flukes. No resights.",L2,L2,1,-,Yes,
36,RIWH,E02-23,20-Jan-23,3812/Nimbus,"19.0 nm SE of St. Simons Island, GA",Entangled,Canada,Gear identified,Pot/trap,Free-swimming with open bridle—line exiting both sides of mouth and trailing aft of pectoral along the right side and 300+ ft. along left side. Partial disentanglement—trailing line shortened. Resights confirm shed remaining gear and healing.,L3,L3,0,-,-,
37,RIWH,E03-23,27-Jan-23,1218/Argo,"7.8 nm SE of Surf City, NC",Entangled,Canada,Gear identified,Pot/trap,"Free-swimming with embedded peduncle wraps. Disentangled, but remains SI due to health decline—swimming with flippers only and heavy cyamid load. No resights.",L2,n/a,1,-,-,
38,RIWH,"E04-23, MARS2023-310",09-Feb-23,4545,"33.2 nm SE of Nantucket, MA",Entangled,Canada,Gear identified,Pot/trap,"Free-swimming. Line exiting right mouth and trailing eventually became three embedded body wraps and contricting wraps on left pectoral. Partial disentanglement—200 ft. of line removed, body wraps shifted aft, constricting pectoral wraps remained. Significant health decline—heavy cyamid load and compromised flipper. Seen with subsequent new entanglement (see 30-Jul-2023 event).",L2,L2,1c,-,-,
39,RIWH,-,14-Feb-23,5290,"3.7 nm S of Tybee Island, GA",Vessel strike,Unknown; First seen USA,-,-,"Two new, superficial, healing lacerations at forward left part of peduncle. Resights indicate healing.",L5b,L5b,0,-,-,
40,RIWH,-,01-Mar-23,4080,"40.1 nm SE of Nantucket,  MA",Entangled,Unknown; First seen USA,-,Unknown,"No gear present. New rostrum, lip, and peduncle injuries consistent with constricting entanglement. Resights indicate healing.",L2,L2,0,Healing,-,
41,RIWH,-,22-Mar-23,4446/Rill,"34.8 nm SE of Nantucket, MA",Entangled,Unknown; First seen USA,-,Unknown,No gear present. New wrapping rostrum injury consistent with constricting entanglement. Resights indicate healing.,L2,L2,0,Healing,-,
42,RIWH,-,09-Apr-23,4510/Shelagh,"Cape Cod Bay, MA",Entangled,Unknown; First seen USA,-,Unknown,"No gear present. New, extensive injuries across rostrum, inside mouth, on peduncle, and leading edges of flukes consistent with constricting gear. Resights indicate healing.",L2,L2,0,Healing,-,
43,RIWH,-,12-Jun-23,5280,"17.4 nm SE of Perce, QC",Entangled,Unknown; First seen Canada,-,Unknown,"No gear present. New body, chin, pectoral, peduncle, and fluke injuries consistent with constricting entanglement. Resights indicate healing.",L2,L2,0,Healing,-,
44,RIWH,-,12-Jun-23,2930/Specs,"13.4 nm S of Perce, QC",Entangled,Unknown; First seen Canada,-,Unknown,"No gear visible. Evidence of new, constricting rostrum wraps and extensive injuries to peduncle and flukes. Right pectoral pale and compromised indicating constricting gear. Extreme health decline—emaciated, large lesions on head, and moderate cyamid load. No resights post-13-Jun-2023.",L2,L2,1,-,-,
45,RIWH,"E16-23, MARS2023-284",15-Jul-23,4042/Martini,"25.1 nm SE of Miscou Island, NB",Entangled,Canada,Fresh injury or known location,Unknown,"Free-swimming with line exiting left mouth line, passing over left flipper, then under body and trailing 3-4 body lengths beyond right fluke blade. No wraps. Resights confirm gear-free and healing.",L3,L3,0,-,-,
46,RIWH,-,20-Jul-23,3390/Uca,"22.9 nm E of Shippagan,NB",Entangled,Unknown; First seen Canada,-,Unknown,"No gear present. New, wrapping rostrum injury consistent with constricting entanglement. Resights indicate healing.",L2,L2,0,Healing,-,
47,RIWH,-,21-Jul-23,2503/Boomerang,"22.2 nm E of Shippagan, NB",Entangled,Unknown; First seen Canada,-,Unknown,No gear present. New extensive entanglement injuries along peduncle and fluke insertion. Resights indicate healing.,L10,L10,0,Healing,-,
48,RIWH,-,21-Jul-23,4040/Chiminea,"Gulf of St. Lawrence, QC",Entangled,Unknown; First seen Canada,-,Unknown,"No gear present. New entanglement injuries on peduncle and fluke, including sheared leading edge of right fluke blade with distal tip partly amputated. Resights show tip fully amputated and wounds healing. ",L2,L2,0,Healing,-,
49,RIWH,E20-23,30-Jul-23,4545,"22.3 nm SE of Miscou Island, NB",Entangled,Canada,Fresh injury or known location,Unknown,Free-swimming with at least three constricting head wraps trailing to sinking line. Already carrying gear from previous entanglement (see 09-Feb-2023 event). Continued health decline. No resights post-24-Aug-2023.,L2,L2,1c,-,-,
50,RIWH,-,20-Aug-23,4605,"20.5 nm SE of Nantucket, MA",Entangled,Unknown; First seen USA,-,Unknown,"No gear present. New, wrapping rostrum and fluke insertion injuries consistent with constricting entanglement. Resights indicate healing.",L2,L2,0,Healing,-,
51,,,Gulf of Maine humpback whale (Megaptera novaeangliae),,,,,,,# events/sums:,,128,41.02,55,76,
52,HUWH,E03-19,23-Apr-19,-,"0.5 nm S of Cape May, NJ",Entangled,Unknown First seen USA,-,Unknown,"Free-swimming with constricting line across back, remaining configuration and attachment point(s) unknown. No resights post 01-Jun-2019.",L2,L2,1,-,Yes,
53,HUWH,-,01-May-19,-,"Avalon Pier, Kill Devil Hills, NC",Vessel strike,Unknown First seen USA,-,-,"Free-swimming with a large, deep wound on back. Propeller lacerations along edge of wound. Injury healing, and animal appears in good condition. No resights.",L5a,L5a,0,Healing,-,
54,HUWH,E06-19,02-May-19,-,"0.1 nm W of Ocean City, MD",Entangled,USA,Gear identified,Gillnet,Partially disentangled from anchoring gear. Left free-swimming with gear through mouth at minimum. Final configuration unknown. No resights.,L2,L10,0.75,-,Yes,
55,HUWH,-,26-May-19,Molten,"off Rockaway, NY",Vessel strike,Unknown First seen USA,-,-,"15 fresh, superficial lacerations along right side and across peduncle. Resights indicate healing. Subsequently sighted with new fluke injuries (see 22-Aug-2019 event). Event added in 2018-2022 report.",L5b,L5b,0,-,-,
56,HUWH,E07-19,09-Jun-19,Mostaza,"11.5 nm N of Race Point, Provincetown, MA",Entangled,USA,Fresh injury or known location,Unknown,Free-swimming with thin line over right fluke. Attachment point(s) unknown. Shed gear during observation. Resights indicate healing.,L10,L10,0,Gear-free,Yes,
57,HUWH,E08-19,24-Jun-19,Krakatoa,"11.8 nm E of Chatham, MA",Entangled,Unknown First seen USA,-,Unknown,"Free-swimming with constricting line across back. Partial disentanglement, but final configuration unknown. Evidence of significant health decline—thin with moderate cyamid load. No resights.",L2,L10,1,Health decline,Yes,
58,HUWH,-,07-Jul-19,-,"1 nm off Napeague, NY",Vessel strike,USA,Fresh injury or known location,-,Struck by 48 ft. vessel traveling at 20 kn. Blood seen in water and rudder damaged. No resights.,"L6b, L11","L6b, L11",0.52,-,-,
59,HUWH,E11-19,11-Jul-19,New Jersey,"200 ft S of Manchester, MA",Entangled,Unknown First seen USA,-,Net,"Caught outside of a set net with netting and floats over the back and dorsal fin, full configuration unknown. Resights confirm gear-free and healing.",L10,L10,0,Gear-free,Yes,
60,HUWH,E13-19,15-Jul-19,-,"12 mi NE of Shinnecock Inlet, Long Island, NY",Entangled,USA,Gear identified,Gillnet,Anchored but broke out of gear. All gear recovered. No resights.,L2,L10,0,Gear-free,Yes,
61,HUWH,"E14-19, MARS2019-234",22-Jul-19,-,"6.3 nm E of Kingsburg, NS",Entangled,Unknown First seen Canada,-,Unknown,Free-swimming with line and buoy trailing past flukes. Partial disentanglement by public. Final configuration unknown. No resights.,L10,L10,0.75,-,Yes,
62,HUWH,E15-19,24-Jul-19,Not named,"7 nm E of Gloucester, MA",Entangled,USA,Fresh injury or known location,Monofilament,Dependent calf. Free-swimming with monofilament on right flipper. Attachment point(s) unknown. Resights confirm gear-free and healing.,L10,L10,0,Gear-free,Yes,
63,HUWH,E16-19,26-Jul-19,-,"4.5 nm E of Sea Isle City, NJ",Entangled,USA,Gear identified,Pot/trap,Appeared anchored with line wrapped around body and buoy near flipper. Remaining configuration unknown. Confirmed to have shed gear. No additional resights.,L2,L2,0,Gear-free,Yes,
64,HUWH,E17-19,29-Jul-19,Nike,"16.1 nm E of Newburyport, MA",Entangled,USA,Fresh injury or known location,Hook/Monofilament,Free-swimming with hook attached to leading edge of left fluke blade and monofilament trailing. No wraps. Resights confirm shed gear and healing.,"L3, L4","L3, L4",0,-,-,
65,HUWH,E19-19,31-Jul-19,Komodo,"11.4 nm SE of Montauk, NY",Entangled,Unknown First seen USA,-,Hook,Free-swimming with fishing lure lodged just below the right side of its dorsal fin. No line present. Resights confirm gear-free and injury healing.,L4,L4,0,-,-,
66,HUWH,E21-19,05-Aug-19,Nile,"7.4 nm NW of Race Point, Provincetown, MA",Entangled,USA,Fresh injury or known location,Monofilament,"Free-swimming with monofilament trailing off flukes. Attachment point(s) forward on the body, full configuration unknown. Resights confirm gear-free and reproductively successful.",L10,L10,0,Gear-free,Yes,
67,HUWH,-,06-Aug-19,-,"Ocean City, MD",Entangled,Unknown First seen USA,-,Unknown,"No gear visible, but evidence of extensive, constricting entanglement with subsequent health decline. No resights post-10-Aug-2019.",L2,L2,1,-,-,
68,HUWH,E23-19,15-Aug-19,Cashew,"1.4 nm E of Chatham, MA",Entangled,USA,Gear identified,Pot/trap,"Free-swimming with line through the mouth—line exiting right mouthline crossed over the head just aft of blowholes and twisting together with line exiting left mouthline. Unclear if constricting but likely to become so. Left line ended at buoy, right line ended at gangion. Disentangled. Injuries healing until subsequent entanglement (see 03-Jun-2020 event).",L2,n/a,0,Rescue,Yes,
69,HUWH,-,22-Aug-19,Molten,"Raritan Bay, NJ",Unknown anthropgenic,Unknown First seen USA,-,-,"Large, raw, injuries bisecting both fluke blades. Human-caused, but no expert consensus on source. Limited resights show increased cyamid load. Carcass documented on 09-Oct-2019, but no necropsy conducted to determine CODd. Event added in 2018-2022 report. Value against PBR in Table 5 apportioned as 0.5 entanglement and 0.5 vessel strike.","L10, L11","L10, L11",1,Health decline,-,
70,HUWH,E24-19,26-Aug-19,Zorro,"Provincetown Harbor, MA",Entangled,USA,Fresh injury or known location,Unknown,Free-swimming with buoy near left flipper. Attachment point(s) unknown. No resights post-19-Oct-2019.,L10,L10,0.75,-,Yes,
71,HUWH,E26-19,03-Sep-19,Not named,"1.4 nm W of North Truro, MA",Entangled,Unknown First seen USA,-,Unknown,"Free-swimming with line over back and buoy close to body. Attachment point(s) unknown. Confirmed shed gear. New vessel strike injury also seen (see 03-Sep-2019 event below). Carcass found 14-Nov-2019, no COD determined. ",L10,L10,0,Gear-free,Yes,
72,HUWH,-,03-Sep-19,Not named,"1.4 nm W of North Truro, MA",Vessel strike,Unknown First seen USA,-,-,"New, minor, healing propeller lacerations. Also carrying gear (see 03-Sep-2019 event above). Carcass found 14-Nov-2019, no COD determined.",L5b,L5b,0,-,-,
73,HUWH,-,03-Sep-19,-,"13.6 nm SW of Nantucket, MA",Entangled,Unknown First seen USA,-,Unknown,"No gear present, but evidence of extensive, recent, constricting entanglement. Healing injuries on head, body, peduncle, and fluke insertion wraps. No resights.",L2,L2,0,Healing,-,
74,HUWH,E28-19,10-Sep-19,Nuke,"20.3 nm SE of Gloucester, MA",Entangled,USA,Gear Identified,Anchor system,"Free-swimming with anchoring system through the mouth—buoy line exiting the right mouthline and anchor line out the left. Full configuration unclear. Partial disentanglement—left with clean length of line through mouth or line with anchor portion, either of which likely to shed. Resights confirm gear-free and healing.",L10,L3,0,Rescue,Yes,
75,HUWH,E29-19,10-Sep-19,Doric,"8.3 nm NW of Race Point, Provincetown, MA",Entangled,USA,Fresh injury or known location,Monofilament,Free-swimming with monofilament trailing from right fluke blade. Attachment point(s) unknown. Resights confirm gear-free and reproductively successful.,L10,L10,0,Gear-free,Yes,
76,HUWH,MARS2019-319,26-Sep-19,-,"Nancy Head, Campobello, NB",Entrapped,Canada,Gear Identified,Weir,Free-swimming in weir without netting. Released. No resights.,L10,n/a,0,Release,-,
77,HUWH,E31-19,04-Oct-19,-,"2.2 nm W of North Truro, MA",Entangled,USA,Gear identified,Pot/trap,"Free-swimming but dragging gear with a constricting wrap around head/body. Partial disentanglement—left with loose configuration that appears to have shed, but unable to confirm. No resights.",L2,L3,0,Rescue,Yes,
78,HUWH,E32-19,07-Oct-19,Diablo,"20.5 nm SE of Gloucester, MA",Entangled,Unknown First seen USA,-,Monofilament,Free-swimming with short length of loose monofilament on right fluke tip. Resights confirm gear-free and healing.,L3,L3,0,-,-,
79,HUWH,E33-19,24-Oct-19,-,"14.4 nm SE of Ocean City, MD",Entangled,USA,Gear identified,Gillnet,Free-swimming with 2 buoys near flukes and remaining configuration unclear. Partial disentanglement. Final configuration unknown. No resights.,L10,L10,0.75,-,Yes,
80,HUWH,E34-19,02-Dec-19,Kansas,"6.2 nm N of Brier Island, NS",Entangled,Canada,Gear identified,Pot/trap,Anchored by tail. Partial disentanglement—free-swimming with balloon at left flipper and buoy along right side. Remaining gear later found adrift. Resights indicate healing.,L2,L10,0,"Rescue, Gear-free",-,
81,HUWH,-,29-May-20,Not named,"0.1 nm NE of Highlands, NJ",Vessel strike,USA,Fresh injury or known location,-,Vessel <65 ft. and traveling <10 kn. witnessed striking animal along left flank. No injuries observed. Animal also carrying gear (see 29-May-2020 event below). No resights., L6c,L6c,0,-,-,
82,HUWH,E06-20,29-May-20,Not named,"0.1 nm NE of Highlands, NJ",Entangled,Unknown First seen USA,-,Net,Free-swimming with heavy red netting in mouth. Full configuration unknown. Also struck by a vessel earlier in the day (see 29-May-2020 event above). No resights.,L10,L10,0.75,-,Yes,
83,HUWH,E07-20,03-Jun-20,Cashew,"12.6 nm E of Chatham, MA",Entangled,USA,Gear identified,Pot/trap,"Free-swimming with high flyer on rostrum, line through mouth, and over left flipper. Unable to determine full configuration. Partially disentangled. Final configuration unknown. No resights.",L10,L10,0.75,-,Yes,
84,HUWH,-,08-Jun-20,-,"200 yds off Seaside Park, NJ",Vessel strike,USA,Fresh injury or known location,-,Whale breached and landed on 22 ft. stationary vessel. Significant boat damage. No resights., L6c,L6c,0,-,-,
85,HUWH,E09-20,02-Jul-20,-,"5.7 nm E of Chatham, MA",Entangled,Unknown First seen USA,-,Unknown,Free-swimming with line and buoy trailing 75 ft. aft of flukes. Attachment point(s) unknown. No photos. No resights.,L10,L10,0.75,-,-,
86,HUWH,E10-20,12-Jul-20,-,"0.5 nm E of North Truro, MA",Entangled,Unknown First seen USA,-,Unknown,Free-swimming with bullet buoy trailing. Attachment point(s) unknown. No photos. No resights.,L10,L10,0.75,-,-,
87,HUWH,E11-20,24-Jul-20,Tripod,"6.6 nm NW of Race Point, Provincetown, MA",Entangled,USA,Gear identified,Monofilament,Event witnessed. Lactating female struck monofilament rod and reel. Fisher cut line. Line trailing over right fluke but attachment point(s) unknown. Resights confirm gear-free and healing.,L10,L10,0,Gear-free,Yes,
88,HUWH,E12-20,26-Jul-20,Scylla,"17.6 nm SE of Gloucester, MA",Entangled,USA,Fresh injury or known location,Pot/trap,Free-swimming with constricting wrap on right fluke blade. No forward attachment points. One short trailing line and another descending to depth. Partially disentangled—left with non-constricting loop. Resights confirm shed gear and healing.,L2,L3,0,Rescue,Yes,
89,HUWH,E13-20,27-Jul-20,Sailor,"5.8 nm SW of East Atlantic Beach, NY",Entangled,USA,Gear identified,Net,Anchored by flukes in extremely heavy gear including trawl net and braided 1/2 in. steel cable. Gear wrapped both fluke blades and embedded into leading edge. Disentangled. Resights indicate healing.,L2,n/a,0,Rescue,Yes,
90,HUWH,E14-20,02-Aug-20,Spell,"15.5 nm SE of Gloucester, MA",Entangled,USA,Fresh injury or known location,Hook/monofilament,Free-swimming with hook on leading edge of left fluke blade and monofilament trailing. No wraps. Resights confirm shed gear and healing.,"L3, L4","L3, L4",0,-,-,
91,HUWH,MARS2020-293,26-Aug-20,-,"N of Hospital Island, St. Andrews, NB",Entrapped,Canada,Gear identified,Weir,Entrapped in weir for at least 2 days. Released with no apparent injuries. No resights.,L10,n/a,0,Release,-,
92,HUWH,E16-20,31-Aug-20,Slingshot,"35.6 nm S of Nantucket, MA",Entangled,Unknown First seen USA,-,Unknown,"Free-swimming with line exiting both sides of mouth, 1 loose loop aft of blowholes and evidence of line embedded in blowholes. 2 lines trail along right flank ending in a jumble 15 ft. aft of flukes. Poor condition—emaciated with gray skin. No resights.",L2,L2,1,-,Yes,
93,HUWH,E23-20,22-Oct-20,Not named,"5.4 nm E of Plum Island, NJ",Entangled,Unknown First seen USA,-,Unknown,Free-swimming with constricting wraps at fluke insertion and trailing gear. Full configuration unknown. No resights.,L2,L2,1,-,Yes,
94,HUWH,E24-20,05-Nov-20,-,"1 nm N of Montauk Inlet, East Hampton, NY",Entangled,Unknown First seen USA,-,Unknown,Free-swimming with line over back and buoy along left flank. Attachment point(s) unknown. Animal dove and buoy with 70 ft. of line came to surface. Brief sightings showed no gear trailing from flukes. Likely shed gear but unable to confirm. No resights.,L10,L10,0.75,-,Yes,
95,HUWH,E25-20,11-Dec-20,-,"12.7 nm ESE of Cape May, NJ",Entangled,Unknown First seen USA,-,Unknown,Free-swimming trailing buoy aft of flukes. Attachment point(s) unknown. Emaciated with cyamids. No resights.,L10,L10,1,Health decline,Yes,
96,HUWH,"E26-20, MARS2020-380",20-Dec-20,-,"15.3 nm S of Grand Manan, NB",Entangled,Canada,Gear identified,Pot/trap,"Anchored by flukes with multiple constricting body wraps. Partial disentanglement—all body wraps cut and anchoring lines cut, but unable to confirm gear-free. No resights.",L2,L10,0.75,-,-,
97,HUWH,E01-21,02-Jan-21,Not named,"2 nm E of Virginia Beach, VA",Entangled,Unknown First seen USA,-,Unknown,Free-swimming trailing bullet buoy one body length aft of flukes. Attachment point(s) forward on body but full configuration unknown. Confirmed gear-free. No resights post 11-Jan-2021,L10,L10,0,Gear-free,Yes,
98,HUWH,-,07-Jan-21,-,"10.0 nm SE of Bald Head Island, SC",Vessel strike,Unknown First seen USA,-,-,"Evidence of 2 sets of propeller lacerations on flukes: healed lacerations on left distal end and lacerations likely affecting major artery on right fluke.  In extremely poor condition—emaciated, gray skin, heavy cyamid load. No resights.",L5a,L5a,1,-,-,
99,HUWH,E03-21,03-Mar-21,-,"18.9 nm SE of Beaufort, NC",Entangled,Unknown First seen USA,-,Unknown,Free-swimming with tight body wrap of heavy line just forward of flippers. No resights.,L2,L2,1,-,Yes,
100,HUWH,E05-21,07-May-21,Not named,"15.4 nm SE of Gloucester, MA",Entangled,Unknown First seen USA,-,Unknown,Dependent calf. Free-swimming with embedded body wrap. Only visible gear were short bitter ends emerging from chest. Attempted disentanglement—unsure if cutting arrows made contact with line. Resights confirm shed gear and healing until subsequent entanglement (see 08-Aug-2021 event). ,L2,L2,0,Gear-free,Yes,
101,HUWH,E07-21,08-Jun-21,Valley,"7.6 nm NE of Race Point, Provincetown, MA",Entangled,USA,Gear identified,Pot/trap,"Free-swimming in thin condition with buoy trailing 100 ft. aft of flukes. Attachment point(s) unknown. Relocated 09-Jun-2021 anchored with line exiting left gape and descending, the other end exiting right mouth. Disentangled. Resights indicate healing.",L10,L2,0,Rescue,Yes,
102,HUWH,E08-21,24-Jun-21,Cat Eyes,"11.1 nm E of Eastham, MA",Entangled,Unknown First seen USA,-,Net,Free-swimming with small piece of monofilament netting caught on tip of right flipper. No wraps. Resights confirm gear-free and healing.,L3,L3,0,-,-,
103,HUWH,E09-21,28-Jun-21,Clamp,"13.8 nm NE of Rockport, MA",Entangled,USA,Fresh injury or known location,Monofilament,Free-swimming with monofilament over back. Attachment point(s) unknown. Resights indicate gear-free and healing until subsequent entanglement (see 04-Sep-2022 event).,L10,L10,0,Gear-free,Yes,
104,HUWH,-,28-Jun-21,Not named,"Stellwagen Bank, MA",Vessel strike,USA,Fresh injury or known location,-,"Dependent calf with 4 new, superficial lacerations along right flank. Involved in subsequent vessel strike 2 days later (see 30-Jun-2021 event).",L5b,L5b,0,-,-,
105,HUWH,E10-21,29-Jun-21,-,"14.2 nm SE of Block Island, RI",Entangled,Unknown First seen USA,-,Net,Free-swimming wrapped in netting but no photos or description to determine extent or configuration of entanglement. No resights.,L10,L10,0.75,-,-,
106,HUWH,-,30-Jun-21,Not named,"Stellwagen Bank, MA",Vessel strike,USA,Fresh injury or known location,-,"Dependent calf surfaced under stern of 89.5 ft. vessel at idle speed. Blood observed coming from flukes. Documented on 01-Jul-2021 with 4-5 fresh lacerations along right trailing edge of fluke, to the right of the fluke notch. No resights post 20-Oct-2021.","L5b, L6c","L5b, L6c",0,-,-,
107,HUWH,E12-21,07-Jul-21,Not named,"12.9 nm NE of Race Point, Provincetown, RI",Entangled,USA,Fresh injury or known location,Monofilament,"Dependent calf. Free-swimming with closed bridle of monofilament through mouth with line along right side, trailing aft of fluke at depth and along left flank, and crossing over peduncle. Partial disentanglement—shortened line on both sides leaving calf with open bridle. Resights confirm gear-free and healing until subsequent entanglement (see 08-Aug-2021 event). ",L3,L3,0,-,-,
108,HUWH,E14-21,13-Jul-21,Shuffleboard,"7.3 nm NW of Race Point, Provincetown, MA",Entangled,USA,Fresh injury or known location,Monofilament,Free-swimming with monofilament line trailing from right fluke tip. Attachment point(s) unknown. Resights confirm gear-free and healing. ,L10,L10,0,Gear-free,Yes,
109,HUWH,E15-21,14-Jul-21,-,"6.5 nm NW of Race Point, Provincetown, MA",Entangled,USA,Gear identified,Monofilament,Witnessed animal strike gear from rod and reel fisher. No photos or description of attachment point(s) or configuration. No resights.,L10,L10,0.75,-,Yes,
110,HUWH,E16-21,19-Jul-21,Mogul,"4.3 nm E of Gloucester, MA",Entangled,USA,Fresh injury or known location,Monofilament,Free-swimming with monofilament trailing from left fluke. Attachment point(s) unknown. Resights confirm gear-free and healing.,L10,L10,0,Gear-free,Yes,
111,HUWH,-,20-Jul-21,-,"off Mecox Beach, Bridgehampton, NY",Entangled,Unknown First seen USA,-,Unknown,"Free-swimming, emaciated, with heavy cyamid load all over back. Evidence of multiple constricting body wraps at mid-body. Unable to confirm if gear is embedded. Deep laceration at right pectoral insertion consistent with constricting gear. No resights. ",L2,L2,1,-,-,
112,HUWH,"E17-21, MARS2021-232",27-Jul-21,Sedge,"3.0 nm NW of Brier Island, NS",Entangled,Unknown First seen Canada,-,Monofilament,Free-swimming with monofilament trailing over right fluke blade. Attachment point(s) unknown. Resights confirm gear-free and healing.,L10,L10,0,Gear-free,Yes,
113,HUWH,E18-21,28-Jul-21,Crisp,"15.3 nm E of Gloucester, MA",Entangled,USA,Fresh injury or known location,Monofilament,Free-swimming with monofilament line trailing over left fluke blade. Attachment point(s) unknown. Resights confirm gear-free and healing.,L10,L10,0,Gear-free,Yes,
114,HUWH,E20-21,01-Aug-21,-,"41.2 nm SE of Nantucket, MA",Entangled,Unknown First seen USA,-,Unknown,Free-swimming with constricting wraps at fluke insertion. No resights.,L2,L2,1,-,Yes,
115,HUWH,E21-21,04-Aug-21,Dross,"14.1 nm N of Race Point, Provincetown, MA",Entangled,USA,Fresh injury or known location,Monofilament,Lactating female. Free-swimming with monofilament trailing from barnacle on left tip. No wraps. Resights confirm gear-free and reproductively successful.,L3,L3,0,-,-,
116,HUWH,E22-21,08-Aug-21,Not named,"4.0 nm E of Rockport, MA",Entangled,USA,Gear identified,Pot/trap,Dependent calf. Free-swimming with line looped over leading edge of left pectoral and trailing 2 buoys aft of fluke. Witnessed shed gear. Resights indicate injuries healing.,L3,L3,0,-,-,
117,HUWH,E23-21,08-Aug-21,Not named,"19.0 nm SE of Gloucester, MA",Entangled,USA,Fresh injury or known location,Monofilament,"Dependent calf. Free-swimming with monofilament trailing from flukes—line passing over left fluke blade, under peduncle, and then over right fluke blade. Shed gear. No resights post 09-Aug-2021.",L3,L3,0,-,-,
118,HUWH,E24-21,16-Aug-21,-,"33.3 nm SE of Nantucket, MA",Entangled,Unknown First seen USA,-,Unknown,"Free-swimming with line crossing over back, just forward of flippers and trailing aft of flukes. Full configuration unknown. No resights.",L10,L10,0.75,-,Yes,
119,HUWH,E26-21,30-Aug-21,-,"35.9 nm E of Ashbury Park, NJ",Entangled,Unknown First seen USA,-,Gillnet,"Free-swimming with netting wrapping body, 2 lines embedded forward of dorsal. Extremely poor condition—heavy cyamid load. No resights.",L2,L2,1,-,Yes,
120,HUWH,-,31-Aug-21,Aquarius,"Sheepscot River, ME",Vessel strike,USA,Fresh injury or known location,-,"New, superficial lacerations below left dorsal fin. No resights.",L5b,L5b,0,-,-,
121,HUWH,-,03-Sep-21,Not named,"1.3 nm off Sea Girt, NJ",Entangled,Unknown First seen USA,-,Unknown,"Free-swimming in extremely poor condition: flukes missing, vertebrae exposed, emaciated, heavy cyamid load. No gear present, but injury consistent with constricting entanglement. No resights.",L2,L2,1,-,-,
122,HUWH,E28-21,25-Sep-21,Sword,"14.1 nm E of Hampton Beach, NH",Entangled,USA,Fresh injury or known location,Hook/monofilament,Free-swimming with hook in trailing edge of dorsal fin and trailing monofilament aft of flukes. No wraps. Resights confirm gear-free and healing until subsequent entanglement (see 04-Jul-2022 event).,"L3, L4","L3, L4",0,-,-,
123,HUWH,E30-21,29-Dec-21,-,"2.0 nm E of Little Island, VA",Entangled,Unknown First seen USA,-,Unknown,"Free-swimming with line embedded forward of dorsal. Line extending forward on both sides, indicating mouth and/or flipper involvement, but full configuration unknown. No resights.",L2,L2,1,-,Yes,
124,HUWH,E01-22,12-Mar-22,Twine,"Silver Banks, DR",Entangled,Other,-,Unknown,"Free-swimming lactating female sighted on calving grounds with jumble of line across back and remaining configuration unknown. Injuries indicate constricting body wrap at earlier point. Resighted in May on feeding grounds. No gear visible, but unable to confirm gear free. Both female and dependent calf (see 12-Mar-2022 event below) in poor health - emaciated with scattered cyamids. No resights post 06-May-2022",L2,L10,1,Health decline,Yes,
125,HUWH,E01-22,12-Mar-22,Not named,"Silver Banks, DR",Entangled,Other,-,Unknown,Dependent calf of seriously injured entangled lactating female (see 12-Mar-2022 event above). Both animals show evidence of health decline. No resights post 06-May-2022.,L8,L8,1,-,Yes,
126,HUWH,E05-22,30-May-22,Thumper,"12.7 nm E of Chatham, MA",Entangled,Unknown First seen USA,-,Unknown,"Free-swimming lactating female with 5 body wraps around body, forward of dorsal fin with a mass of line along left flank and no trailing gear. In poor condition - thin with moderate cyamids. Disentangled, short section of gear recovered. Resighted in Sep-2022, calf not present. Additional sightings indicate healing.",L2,n/a,0,Rescue,Yes,
127,HUWH,E05-22,30-May-22,Not named,"12.7 nm E of Chatham, MA",Entangled,Unknown First seen USA,-,Unknown,Dependent calf of female entangled in multiple body wraps and in poor condition. Adult disentangled and seen later in improving condition but no resights of the calf.  (See 30-May-2022 event above.) Suspect failure to thrive due to poor condition of adult during key lactation months.,L8,L8,1,-,Yes,
128,HUWH,E06-22,14-Jun-22,Not named,"11.2 nm E of Chatham, MA",Entangled,Unknown First seen USA,-,Unknown,"Free-swimming dependent calf with line through mouth leading to a jumble of line at the dorsal peduncle with 2 lines trailing a few feet aft of flukes. Evidence that entanglement involved extensive constricting wraps from head to fluke. Disentangled, but SI warranted due to extensive injuries. No resights.",L2,L3,1,Health decline,Yes,
129,HUWH,-,23-Jun-22,Luna,"off Brier Island, NS",Entangled,Unknown First seen USA,-,Unknown,"No gear present. Extensive raw and healing injuries to body, peduncle, and fluke consistent with constricting entanglement. Resights indicate injuries healing. Carcass recovered in 2023, COD unrelated to this event.",L2,L2,0,Healing,-,
130,HUWH,E07-22,29-Jun-22,-,"0.7 nm W of Coney Island, NY",Entangled,Unknown First seen USA,-,Unknown,Free-swimming with constricting line at fluke insertion. Tight peduncle wrap(s) and line cutting into leading edges of flukes. Little to no trailing gear. No resights,L2,L2,1,-,Yes,
131,HUWH,"E10-22, MARS2022-182",04-Jul-22,Sword,"15.7 nm SE of Frenchboro, ME",Entangled,Unknown First seen USA,-,Unknown,"Free-swimming with line trailing along right flank. Indication of constricting wrap aft of blowholes, but no gear visible. Attachment point(s) unknown. Resights indicate no evidence of health decline. Likely gear-free but unable to confirm.",L2,L10,0,Healing,Yes,
132,HUWH,-,21-Jul-22,-,"Plymouth, MA",Vessel strike,USA,Fresh injury or known location,-,Lunge feeding whale came in contact with starboard bow of stationary recreational fishing vessel. No human injuries. No resights.,L6c,L6c,0,-,-,
133,HUWH,E12-22,23-Jul-22,Dusky,"2.5 nm N of Race Point, Provincetown, MA",Entangled,Unknown First seen USA,-,Hook/monofilament,Free-swimming with monofilament crossing over back and trailing along right flank. Some hooks in right body. Attachment point(s) unknown. Resights confirm gear free and healing.,"L4, L10","L4, L10",0,-,Yes,
134,HUWH,-,24-Jul-22,Hashtag,"Plymouth, MA",Vessel strike,USA,Fresh injury or known location,-,"Lunge feeding whale landed on bow of stationary 19 ft recreational vessel, damaging railings and hatch cover. No human injuries. Resights indicate healing.",L6c,L6c,0,-,-,
135,HUWH,E13-22,26-Jul-22,-,"7.1 nm SE of Plymouth, MA",Entangled,Unknown First seen USA,-,Monofilament,Free-swimming with monofilament trailing from head. Attachment point(s) unknown. No resights.,L10,L10,0.75,-,Yes,
136,HUWH,E14-22,03-Aug-22,-,"0.2 nm N of Long Island, MA",Entangled,USA,Fresh injury or known location,Monofilament,Free-swimming with monofilament trailing from left fluke. Attachment point(s) unknown. Resights confirm gear free.,L10,L10,0,Gear-free,Yes,
137,HUWH,E18-22,15-Aug-22,Hiatus,"26.7 nm SE of Chatham, MA",Entangled,Unknown First seen USA,-,Hook/monofilament,Free-swimming with hook in trailing edge of right fluke blade. Monofilament trailing. No wraps. No resights.,"L3, L4","L3, L4",0,-,-,
138,HUWH,E19-22,04-Sep-22,Clamp,"14.5 nm E of Hampton, NH",Entangled,USA,Fresh injury or known location,Hook/monofilament,Free-swimming with hook in right fluke blade and trailing monofilament line. No wraps. Resights indicate hook gone and injuries healing.,"L3, L4","L3, L4",0,-,-,
139,HUWH,E20-22,15-Sep-22,-,"0.8 nm E of North Truro, MA",Entangled,Unknown First seen USA,-,Unknown,Free-swimming with 2 buoys trailing 60 ft. aft of flukes. Attachment point(s) unknown. No resights.,L10,L10,0.75,-,Yes,
140,HUWH,E21-22,17-Sep-22,-,"4.0 nm E of Bridgeport, CT",Entangled,Unknown First seen USA,-,Unknown,"Free-swimming with line originating from forward on the left side, crossing over back at dorsal fin, and trailing aft. Attachment point(s) unknown. No resights. ",L10,L10,0.75,-,Yes,
141,HUWH,E23-22,25-Sep-22,Anole,"6.3 nm NE of Allerton, MA",Entangled,USA,Gear identified,Pot/trap,Free-swimming with line through mouth leading to a loose peduncle wrap with 200 ft of trailing line. Orientation - head up and tail down - indicates presence of weighted gear. Disentangled. Resights indicate healing.,L2,n/a,0,Rescue,Yes,
142,HUWH,E24-22,07-Oct-22,-,"1.3 nm N of Race Point, Provincetown, MA",Entangled,USA,Gear identified,Pot/trap,Free-swimming with line through the mouth trailing to dorsal fin on left side and along right side ending at a buoy at the flukes. Evidence that entanglement previously involved a constricting body wrap. Disentanglement attempt unsuccessful. Expect to shed gear. No resights.,L2,L3,0,-,-,
143,HUWH,E25-22,11-Oct-22,Rocker,"9.3 nm N of Race Point, Provincetown, MA",Entangled,USA,Fresh injury or known location,Monofilament,Free-swimming with monofilament trailing from right fluke. Attachment point(s) unknown. Resights confirm gear-free and healing.,L10,L10,0,Gear-free,Yes,
144,HUWH,-,11-Oct-22,Not named,"1 nm E of Seaside Heights, NJ",Vessel strike,USA,Fresh injury or known location,-,"Fresh laceration to fluke blade, just left of midline. Injury actively bleeding. Resights show left fluke lobe missing, but injury healing and animal in good condition.",L5a,L5a,0,Healing,-,
145,HUWH,-,12-Oct-22,-,"Belmar, NJ",Vessel strike,USA,Fresh injury or known location,-,Lunge feeding whale came in contact with port bow of stationary recreational fishing vessel. No human injuries. No resights.,L6c,L6c,0,-,-,
146,HUWH,-,22-Oct-22,Not named,"0.5 nm S of Jones Beach, NY",Vessel strike,USA,Fresh injury or known location,-,"Feeding whale surfaced under stationary recreational vessel, dislodging propeller. Animal documented with 2 bleeding, superficial lacerations along left flank, below the dorsal. No human injuries. No resights.","L5b, L6c","L5b, L6c",0,-,-,
147,HUWH,E26-22,31-Oct-22,-,"7.5 nm E of Appledore Island, ME",Entangled,USA,Fresh injury or known location,Unknown,Anchored with tight body and peduncle wrap with buoy alongside body. Partially disentangled. Final configuration unclear but at minimum free-swimming with tight body wrap and buoy alongside. No resights.,L2,L2,1,-,Yes,
148,HUWH,E05-23,04-Mar-23,-,"3.8 nm E of St. Catherine's Island, GA",Entangled,Unknown; First seen USA,-,Unknown,Free-swimming with constricting wraps at fluke insertion leading to fluke deformation. No resights.,L2,L2,1,-,Yes,
149,HUWH,E06-23,05-May-23,-,"outside of Manasquan Inlet, NJ",Entangled,USA,Gear identified,Gillnet,Anchored in extensive wraps of gear from head to tail. Partially disentangled. Remaining configuration unknown. No resights.,L2,L10,0.75,-,Yes,
150,HUWH,-,07-May-23,,"Sandy Hook, NJ",Vessel strike,Unknown; First seen USA,-,-,"New, healing lacerations across back. Do not appear to penetrate blubber layer. No resights.",L5b,L5b,0,-,-,
151,HUWH,E07-23,12-May-23,-,"38.2 nm E of Atlantic City, NJ",Entangled,Unknown; First seen USA,-,Unknown,Free-swimming with a minimum of 2 constricting and embedded body wraps. No resights.,L2,L2,1,-,Yes,
152,HUWH,-,26-May-23,-,"off of Long Beach, NY",Vessel strike,USA,Fresh injury or known location,-,Stern of stationary recreational vessel (<45 ft.) struck by lunge feeding whale. No human injuries. No resights.,L6c,L6c,0,-,-,
153,HUWH,"E08-23, MARS2023-187",27-May-23,Egreque,"19.8 nm SW of Grand Manan, NB",Entangled,Canada,Gear identified,Pot/trap,"Anchored by line through mouth. Disentangled, resights indicate healing.",L2,n/a,0,Rescue,-,
154,HUWH,E09-23,24-Jun-23,Not named,"6.7 nm NW of Race Point, Provincetown, MA",Entangled,USA,Fresh injury or known location,Monofilament,Dependent calf. Free-swimming with constricting wrap cutting deeply into leading and trailing edges of left pectoral. Resights indicate line cutting 3/4 of the way through the flipper and declining health. Seen with a new entanglement (see 20-Sep-2023 event).,L2,L2,1e,-,Yes,
155,HUWH,E10-23,30-Jun-23,Not named,"2.1 nm E of Sandy Hook, NJ",Entangled,USA,Gear identified,Unknown,Free-swimming with line over back and trailing with two buoys. Unable to confirm full configuration. Resights confirm gear-free and healing.,L10,L10,0,Gear-free,Yes,
156,HUWH,E11-23,01-Jul-23,Not named,"1.2 nm S of Cape May, NJ",Entangled,Unknown; First seen USA,-,Net,"Free-swimming, emaciated with webbing on head. Full configuration unknown. SI warranted because of evidence of health decline. No resights post-19-Jul-2023",L10,L10,1,Health decline,Yes,
157,HUWH,E12-23,08-Jul-23,-,"8.7 nm S of Boothbay Harbor, ME",Entangled,USA,Gear identified,Pot/trap,Hogtied in gear with line through mouth extending back to multiple constricting peduncle wraps. Partially disentangled. Left with open bridle through mouth that expect to shed. No resights.,L2,L3,0,Rescue,Yes,
158,HUWH,E13-23,09-Jul-23,Not named,"6.6 nm NW of Race Point, Provincetown, MA",Entangled,USA,Gear identified,Pot/trap,Dependent calf. Free-swimming with line through the mouth and over head with unknown attachment point(s). Partially disentangled—shortened trailing lines leaving an open bridle. Resights confirm shed gear and healing.,L10,L3,0,Rescue,Yes,
159,HUWH,E15-23,14-Jul-23,Venom,"6.1 nm NW of Race Point, Provincetown, MA",Entangled,Unknown; First seen USA,-,Monofilament,"Free-swimming, pregnant female with monofilament trailing from right fluke blade with unknown attachment point(s). Resights confirm shed gear and reproductively successful.",L10,L10,0,Gear-free,Yes,
160,HUWH,E17-23,17-Jul-23,Startrail,"6.7 nm NE of Rockport, MA",Entangled,USA,Gear identified,Pot/trap,"Free-swimming with line exiting left mouthline, crossing over the head, and descending to mouth or right flipper. One bitter end visible, the other sinking. Full configuration unknown. Partial disentanglement—30 ft. of line removed. Final configuration unclear, likely an open bridle but unable to confirm. Resights confirm gear-free and healing.",L10,L10,0,"Rescue, Gear-free",Yes,
161,HUWH,-,18-Jul-23,-,"Staten Island, NY",Entrapped,USA,Fresh injury or known location,-,Entrapped in wooden pilings of an old pier. Self-released. No resights.,L10,n/a,0,Release,-,
162,HUWH,E18-23,19-Jul-23,Not named,"9.6 nm NW of Race Point, Provincetown, MA",Entangled,Unknown; First seen USA,-,Monofilament,Dependent calf. Free-swimming with monofilament trailing from left fluke blade. Attachment point(s) unknown. Resights confirm gear-free and healing.,L10,L10,0,Gear-free,Yes,
163,HUWH,E19-23,22-Jul-23,Spell,"8.0 nm NW of Race Point, Provincetown, MA",Entangled,USA,Fresh injury or known location,Monofilament,Event witnessed. Free-swimming with shifting gear that resolved over the next year into a constricting wrap on right pectoral. Resights show stable and improved health.,L10,L2,0,Healing,Yes,
164,HUWH,E23-23,12-Aug-23,Diablo,"7.0 nm NW of Race Point, Provincetown, MA",Entangled,USA,Fresh injury or known location,Monofilament,Free-swimming with monofilament trailing from right fluke blade. Attachment point(s) unknown. Resights confirm gear-free and healing.,L10,L10,0,Gear-free,Yes,
165,HUWH,E22-23,12-Aug-23,Pinball,"4.1 nm NE of Rockport, MA",Entangled,USA,Gear identified,Pot/trap,Lactating female anchored in gear. Broke free with unknown configuration. Disentangled. Resights indicate healing.,L10,n/a,0,Rescue,Yes,
166,HUWH,-,12-Aug-23,Not named,"4.1 nm NE of Rockport, MA",Entangled,USA,Gear identified,Pot/trap,Dependent calf of entangled lactating female (see Pinball 12-Aug-2023 event) that was disentangled from an unknown configuration. No resights.,L8,n/a,0,Rescue,Yes,
167,HUWH,E24-23,14-Aug-23,Apex,"9.3 nm E of Montauk, NY",Entangled,USA,Fresh injury or known location,Hook/monofilament,Free-swimming with hook in leading edge of right fluke and trailing monofilament line. Resights confirm gear-free and healing.,"L3, L4","L3, L4",0,-,-,
168,HUWH,"E25-23, MARS2023-343",21-Aug-23,Churchill,"3.3 nm NW of Brier Island, NS",Entangled,Unknown; First seen Canada,-,Unknown,Free-swimming with tight lines across rostrum. Remaining configuration unknown. No resights.,L2,L2,1,-,Yes,
169,HUWH,E26-23,23-Aug-23,Snap,"0.9 nm N of Provincetown, MA",Entangled,USA,Fresh injury or known location,Unknown,Free-swimming with rope across tip of rostrum. Full configuration unknown. Resights confirm gear-free and healing.,L10,L10,0,Gear-free,Yes,
170,HUWH,MARS2023-364,03-Sep-23,-,"Curry Cove, NB",Entrapped,Canada,Gear identified,Weir,Briefly entrapped in weir. Self-released. No resights.,L10,L10,0,Release,-,
171,HUWH,E27-23,06-Sep-23,-,"11.3 nm SE of Ocean City, NJ",Entangled,Unknown; First seen USA,-,Unknown,Dependent calf. Free-swimming towing line and buoy from unknown attachment point(s). No photos. No resights.,L10,L10,0.75,-,-,
172,HUWH,E28-23,20-Sep-23,Not named,"1.2 nm N of Provincetown, MA",Entangled,USA,Gear identified,Pot/trap,Dependent calf. Free-swimming with a large mass of gear underneath the body and trailing. Configuration unclear. Partially disentangled—350 ft. of line removed—final configuration unknown. Still carrying embedded wraps on pectoral from 24-Jun-2023 entanglement. ,L10,L10,0.75e,-,Yes,
173,HUWH,E29-23,21-Sep-23,Not named,"20.5 nm SE of Gloucester, MA",Entangled,USA,Gear identified,Pot/trap,Free-swimming with three tight body wraps and at least two tight peduncle wraps with trailing weighted gear. Disentangled. Resights indicate injuries healing.,L2,n/a,0,Rescue,Yes,
174,HUWH,E30-23,12-Oct-23,-,"Manasquan Inlet, NJ",Entangled,Unknown; First seen USA,-,Unknown,Free-swimming with constricting wraps on peduncle and right fluke blade with gear trailing. No resights. ,L2,L2,1,-,Yes,
175,HUWH,E31-23,28-Oct-23,-,"77.5 nm S of Nantucket, MA",Entangled,USA,Gear identified,Pot/trap,In heavily weighted gear and in poor condition. Full configuration unknown. No resights.,L2,L2,1,-,Yes,
176,HUWH,-,03-Nov-23,-,"off of Point Pleasant, NJ",Vessel strike,USA,Fresh injury or known location,-,Stern of stationary recreational vessel (62 ft.) struck by lunge feeding whale. No human injuries. No resights.,L6c,L6c,0,-,-,
177,HUWH,-,24-Nov-23,Not named,"off of Jersey Shore, NJ",Vessel strike,Unknown; First seen USA,-,-,"Fresh, superficial laceration aft of dorsal fin. Resights indicate healing.",L5b,L5b,0,-,-,
178,HUWH,-,24-Nov-23,Firebolt,"off of Jersey Shore, NJ",Vessel strike,Unknown; First seen USA,-,-,"Recent, superficial lacerations across peduncle and right fluke blade. Resights indicate healing.",L5b,L5b,0,-,-,
179,HUWH,-,02-Dec-23,-,"0.3 nm S of Jones Beach, NY",Vessel strike,Unknown; First seen USA,-,-,"Two fresh, deep lacerations across peduncle. No resights.",L5a,L5a,1,-,-,
180,,,Western North Atlantic fin whale (Balaenoptera physalus),,,,,,,# events/sums:,,6,3.45,0,2,
181,FIWH,MARS2019-277,14-Aug-19,-,"S of Bliss Island, NB",Vessel strike,Unknown First seen Canada,-,-,Superficial lacerations at tip of dorsal fin. No resights.,L5b,L5b,0,-,-,
182,FIWH,MARS2020-213,07-Jul-20,-,"4nm off of MacKenzie Point, Pleasant Bay, NS",Entangled,Unknown First seen Canada,-,Unknown,Free-swimming. Line crossing from left mouth/head over back and down right side. Full configuration unknown. No resights.,L10,L10,0.75,-,Yes,
183,FIWH,WRS,09-Aug-20,-,"Seal Cove, Conception Bay, NFL",Entangled,Unknown First seen Canada,-,Unknown,"Free-swimming with rope through mouth, over head, and large tangle by head/flank. No trailing line. Full configuration unknown. No photos. No resights.",L10,L10,0.75,-,-,
184,FIWH,-,08-Aug-21,CCS1212,"0.2 nm SW of Race Point, Provincetown, MA",Vessel strike,USA,Fresh injury or known location,-,36 ft. vessel traveling at 26 kn. self-reported strike. Stalled engine putting it into reverse and wake pushed boat onto animal’s back. Superficial laceration on left flank. No resights. ,"L5b, L6b","L5b, L6b",0.2,-,-,
185,FIWH,E25-21,29-Aug-21,-,"25.8 nm S of Martha's Vineyard, MA",Entangled,Unknown First seen USA,-,Unknown,Free-swimming and trailing high flier a body length aft of whale. Attachment point(s) unknown. No resights.,L10,L10,0.75,-,Yes,
186,FIWH,E27-21,01-Sep-21,-,"4.3 nm N of Grand Manan, NB",Entangled,Unknown First seen Canada,-,Navigational buoy,"Free-swimming but heavily weighted, struggling to surface and breathe. Navigational buoy tight against left side of head. Fresh wounds on flippers, dorsal fin, and tail. Blood streaming from right side of mouth, near aft corner. Unsuccessful disentanglement attempt. No resights.",L2,L2,1,-,-,
187,,,Nova Scotian sei whale (Balaenoptera borealis),,,,,,,# events/sums:,,0,0,0,0,
188,,,Canadian East Coast minke whale (Balaenoptera acutorostrata),,,,,,,# events/sums:,,27,12.75,9,15,
189,MIWH,E12-19,11-Jul-19,-,"9.4 nm NE of Race Point, Provincetown, MA",Entangled,Unknown First seen USA,-,Debris,Free-swimming with open bridle of festival bunting through mouth and trailing an unknown distance. No wraps.,L3,L3,0,-,-,
190,MIWH,E18-19,01-Aug-19,-,"2.2 nm NE of Rockport, MA",Entangled,USA,Gear identified,Pot/trap,Anchored with line through mouth and wrapping peduncle. Disentangled.,L2,n/a,0,Rescue,Yes,
191,MIWH,E20-19,04-Aug-19,-,"6.0 nm E of Montauk, NY",Entangled,Unknown First seen USA,-,Unknown,Free-swimming with line crossing over back just in front of dorsal fine. Line fouled with growth. Attachment point(s) unknown.,L10,L10,0.75,-,Yes,
192,MIWH,WRS,09-Aug-19,-,"Rigolet, Labrador",Entangled,Canada,Gear identified,Net,Anchored with line around rostrum and constricting peduncle wraps. Partially disentangled. Final configuration unknown.,L2,L10,0.75,-,-,
193,MIWH,MARS2019-286,21-Aug-19,-,"Mer et Monde, QC",Entangled,Unknown First seen Canada,-,Unknown,Free-swimming with line over back and possibly through mouth. No photos. Attachment point(s) unknown.,L10,L10,0.75,-,-,
194,MIWH,E25-19,01-Sep-19,-,"31.3 nm SE of Chatham, MA",Entangled,Unknown First seen USA,-,Unknown,Free-swimming with buoy trailing from fluke area. No photos. Attachment point(s) unknown.,L10,L10,0.75,-,-,
195,MIWH,E30-19,10-Sep-19,-,"0.1 nm N of Mattinicus Rock, ME",Entangled,Unknown First seen USA,-,Unknown,Unable to confirm if anchored or free-swimming. Full configuration and attachment point(s) unknown.,L10,L10,0.75,-,Yes,
196,MIWH,MARS2019-305,13-Sep-19,-,"Spectacle Island, NS",Entrapped,Canada,Gear identified,Weir,Released from weir entrapment.,L10,n/a,0,Release,-,
197,MIWH,E17-20,04-Sep-20,-,"1.9 nm W of North Truro, MA",Entangled,Unknown First seen USA,-,Net,"Free-swimming with netting in mouth, embedded in rostrum, and trailing alongside each flank. Poor condition—emaciated, pocked skin, and deep, open wounds. Disentanglement response unsuccessful.",L2,L2,1,-,Yes,
198,MIWH,E19-20,05-Oct-20,-,"4.8 nm E of Isle Au Haut, ME",Entangled,USA,Gear identified,Pot/trap,Anchored at flukes by multiple constricting wraps. Disentangled.,L2,n/a,0,Rescue,Yes,
199,MIWH,E06-21,06-Jun-21,-,"4.6 nm N of North Truro, MA",Entangled,Unknown First seen USA,-,Unknown,"Free-swimming with large jumble of gear on its back, forward of dorsal. Attachment point(s) unknown.",L10,L10,0.75,-,Yes,
200,MIWH,WRS,11-Jul-21,-,"Mary's Harbour, NL",Entangled,Canada,Gear identified,Gillnet,Fisher self-reported animal entangled in gear in unknown configuration. Partially disentangled—released carrying part of net and poly float from unknown attachment point(s) and in unknown configuration.,L10,L10,0.75,-,-,
201,MIWH,MARS2021-220,19-Jul-21,-,"Cheticamp, NS",Entangled,Canada,Gear identified,Pot/trap,Anchored with line wrapped around head and pectoral. Partially disentangled—left with small amount of rope in mouth that expect to shed.,L2,L3,0,Rescue,-,
202,MIWH,E29-21,10-Oct-21,-,"1.7 nm W of Monhegan Island, ME",Entangled,USA,Gear identified,Pot/trap,Disentangled from anchoring gear.,L2,n/a,0,Rescue,Yes,
203,MIWH,E03-22,22-May-22,-,"8.2 nm NW of Race Point, Provincetown, MA",Entangled,Unknown First seen USA,-,Unknown,Free-swimming with line or netting trailing from head area. Attachment point(s) unknown.,L10,L10,0.75,-,Yes,
204,MIWH,E04-22,29-May-22,-,"36.9 nm S of Martha's Vineyard, MA",Entangled,Unknown First seen USA,-,Unknown,"Free-swimming with tight, closed bridle of thin line through mouth. ",L2,L2,1,-,Yes,
205,MIWH,E08-22,29-Jun-22,-,"3.5 nm E of Plymouth, MA",Entangled,USA,Gear identified,Pot/trap,Anchored with tight wrap of lower jaw. Disentangled.,L2,n/a,0,Rescue,Yes,
206,MIWH,E11-22,08-Jul-22,-,"1.3 nm E of Chatham, MA",Entangled,Unknown First seen USA,-,Unknown,"Unable to determine if anchored or free-swimming, but has a constricting rostrum wrap at minimum.",L2,L2,1,-,Yes,
207,MIWH,E15-22,05-Aug-22,-,"12.0 nm E of Hampton Beach, NH",Entangled,Unknown First seen USA,-,Unknown,Free-swimming with line through mouth joining at a jumble just aft of left blowhole. One line trailing but full configuration and attachment point(s) unknown.,L10,L10,0.75,-,Yes,
208,MIWH,MMSC-22-141,31-Oct-22,-,"Brigantine, NJ",Vessel strike,USA,Fresh injury or known location,-,Live stranded animal refloated with incoming tide. Made contact several times with stationary small boat (<25 ft). Swam into deeper water with rising tide.,L6c,L6c,0,-,-,
209,MIWH,MARS2023-154,11-May-23,-,"1.8 nm W of Point Prim, PEI",Entangled,Unknown; First seen Canada,-,Unknown,Line around pectoral with attached buoy. Full configuration unclear. Disentangled.,L10,n/a,0,Rescue,Yes,
210,MIWH,MARS2023-213,11-Jun-23,-,"St-Nicholas, PEI",Entangled,Unknown; First seen Canada,-,Unknown,"Live stranded with line through mouth, cutting into mouthline. Disentangled, refloated, and released.",L2,n/a,0,Rescue,Yes,
211,MIWH,MARS2023-247,26-Jun-23,-,"1.9 nm E of Le Goulet, NB",Entangled,Canada,Gear identified,Pot/trap,Disentangled from anchoring gear.,L2,n/a,0,Rescue,-,
212,MIWH,WRS,04-Jul-23,-,"Holyrood, Conception Bay, NL",Entangled,Unknown; First seen Canada,-,Unknown,Free-swimming with short section of rope draped over its back. No photos. Attachment point(s) and full configuration unknown. ,L10,L10,0.75,-,-,
213,MIWH,E14-23,13-Jul-23,-,"11.7 nm NW of Race Point, Provincetown, MA",Entangled,Unknown; First seen USA,-,Unknown,Free-swimming with buoy alongside body. No photos. Attachment point(s) unknown.,L10,L10,0.75,-,-,
214,MIWH,E21-23,07-Aug-23,-,"2.9 nm SE of Race Point, Provincetown, MA",Entangled,Unknown; First seen USA,-,Unknown,Reported with buoy alongside body. Unclear if anchored or free-swimming. No photos. Attachment point(s) unknown.,L10,L10,0.75,-,-,
215,MIWH,"E32-23, MARS2023-366",07-Sep-23,-,"17.6 nm E of Grand Manan, NB",Entangled,Unknown; First seen Canada,-,Unknown,Free-swimming with gear on rostrum. Full configuration unclear.,L10,L10,0.75,-,Yes,
216,,,Unidentified Whale,,,,,,,# events/sums:,,3,1.5,0,0,
217,UNLW,"E05-19, MARS2019-103",26-Apr-19,-,"74.6 nm SW of Cape Sable Island, NS",Entangled,Unknown First seen Canada,-,Unknown,Free-swimming with gear around tail. No photos. Attachment point(s) and full configuration unknown.,L10,L10,0.75,-,-,
218,UNLW,E01-20,18-Jan-20,-,"40 nm S of Nantucket, MA",Entangled,Unknown First seen USA,-,Unknown,Free-swimming with netting and line trailing 1-2 body lengths. No photos. Attachment point(s) unknown.,L10,L10,0.75,-,-,
219,UNLW,-,11-Jul-21,-,"off Block Island, RI",Vessel strike,USA,Fresh injury or known location,-,38 ft. stationary vessel struck by lunge feeding whale. Vessel sustained damage to port quarter. Unable to confirm if finback or humpback whale—both species documented lunge feeding in the vicinity.,L6c,L6c,0,-,-,
,,,,,,,,,,,,,,,,
,,,a. Consider for List of Fisheries Inclusion,,,,,,,,,,,,,
,,,b. Animal involved in two separate vessel strike injuries: one deemed serious injury and one mortality. Tallied separately here to document total number of injury events. Counted in Table 5 as a mortality from vessel strike. ,,,,,,,,,,,,,
,,,c. Animal involved in two separate entanglement serious injuries. Tallied separately here to document total number of injury events. Counted in Table 5 as 1 serious injury from entanglement.,,,,,,,,,,,,,
,,,d. COD - Cause of Death,,,,,,,,,,,,,
,,,e. Animal involved in two separate entanglement injuries: one serious and one prorated injury. Tallied separately here to document total number of injury events. Counted in Table 5 as 1 serious injury from entanglement.,,,,,,,,,,,,,
